{
  "height": 36.624775583482943,
  "tabOrder": 10000,
  "width": 100.7181328545781,
  "x": 340.3052064631957,
  "y": 220.32116371247605,
  "z": 11000
}