{
  "height": 85.328185328185327,
  "tabOrder": 9000,
  "width": 157.52895752895753,
  "x": 8.2046332046332058,
  "y": 4.9227799227799229,
  "z": 9000
}