{
  "height": 290.44401544401546,
  "tabOrder": 5000,
  "width": 1499.80694980695,
  "x": 0,
  "y": 559.55598455598454,
  "z": 5000
}