{
  "height": 314.36265709156197,
  "tabOrder": 4000,
  "width": 434.91921005385996,
  "x": 7.63016157989228,
  "y": 502.064631956912,
  "z": 6000
}