{
  "height": 288.80308880308883,
  "tabOrder": 3000,
  "width": 436.48648648648651,
  "x": 8.2046332046332058,
  "y": 164.09266409266411,
  "z": 3000
}