{
  "height": 39.382239382239383,
  "tabOrder": 12000,
  "width": 100.0965250965251,
  "x": 8.2046332046332058,
  "y": 4.9227799227799229,
  "z": 12000
}