{
  "height": 88.610038610038615,
  "tabOrder": 10000,
  "width": 319.980694980695,
  "x": 416.79536679536682,
  "y": 9.8455598455598459,
  "z": 10000
}