{
  "height": 31.177606177606179,
  "tabOrder": 13000,
  "width": 91.8918918918919,
  "x": 1174.9034749034749,
  "y": 4.9227799227799229,
  "z": 13000
}