{
  "height": 37.096774193548384,
  "tabOrder": 5000,
  "width": 38.70967741935484,
  "x": 1274.1935483870968,
  "y": 59.677419354838712,
  "z": 0
}