{
  "height": 35.098743267504489,
  "tabOrder": 9000,
  "width": 100,
  "x": 340.3052064631957,
  "y": 182.17035581301465,
  "z": 10000
}