{
  "height": 30.236220472440944,
  "tabOrder": 6000,
  "width": 85.669291338582667,
  "x": 1189.6159090694903,
  "y": 59.404524613956568,
  "z": 7000
}