{
  "height": 30.321046373365043,
  "tabOrder": 9000,
  "width": 85.612366230677765,
  "x": 1159.062725289541,
  "y": 5.35077288941736,
  "z": 9000
}