{
  "height": 95.173745173745175,
  "tabOrder": 13000,
  "width": 310.13513513513516,
  "x": 1171.6216216216217,
  "y": 22.972972972972975,
  "z": 13000
}