{
  "height": 98.455598455598462,
  "tabOrder": 8000,
  "width": 1491.6023166023167,
  "x": 8.2046332046332058,
  "y": 0,
  "z": 8000
}