{
  "height": 216.60231660231662,
  "tabOrder": 7000,
  "width": 364.28571428571428,
  "x": 0,
  "y": 342.95366795366795,
  "z": 7000
}