{
  "height": 57.432432432432435,
  "tabOrder": 5000,
  "width": 577.60617760617765,
  "x": 0,
  "y": 106.66023166023166,
  "z": 5000
}