{
  "height": 38.70967741935484,
  "tabOrder": 4000,
  "width": 138.70967741935485,
  "x": 1250,
  "y": 79.032258064516128,
  "z": 4000
}