{
  "height": 262.9738933030647,
  "width": 339.97729852440409,
  "x": 7.2644721906923957,
  "y": 159.8183881952327,
  "z": 0
}