{
  "height": 45.945945945945951,
  "tabOrder": 11000,
  "width": 85.328185328185327,
  "x": 1119.1119691119691,
  "y": 39.382239382239383,
  "z": 11000
}