{
  "height": 28.556430446194224,
  "tabOrder": 7000,
  "width": 85.669291338582667,
  "x": 1150.9807384658159,
  "y": 82.9215849814106,
  "z": 8000
}