{
  "height": 357.72200772200773,
  "tabOrder": 6000,
  "width": 436.48648648648651,
  "x": 8.2046332046332058,
  "y": 452.89575289575293,
  "z": 6000
}