{
  "height": 49.940546967895365,
  "tabOrder": 8000,
  "width": 103.44827586206897,
  "x": 1134.0924518055933,
  "y": 33.888228299643281,
  "z": 8000
}