{
  "height": 85.457809694793539,
  "tabOrder": 10000,
  "width": 157.18132854578099,
  "x": 1.4833168361947526,
  "y": 93.031993236442077,
  "z": 11000
}