{
  "height": 249.89784335981841,
  "tabOrder": 1000,
  "width": 618.933030646992,
  "x": 649.44381384790017,
  "y": 430.05675368898983,
  "z": 1000
}