{
  "height": 49.227799227799231,
  "tabOrder": 12000,
  "width": 75.48262548262548,
  "x": 1284.8455598455598,
  "y": 0,
  "z": 12000
}