{
  "height": 311.31059245960506,
  "tabOrder": 13000,
  "width": 1036.1759425493717,
  "x": 459.33572710951529,
  "y": 170.91561938958708,
  "z": 14000
}