{
  "height": 216.60231660231662,
  "tabOrder": 11000,
  "width": 364.28571428571428,
  "x": 0,
  "y": 126.35135135135135,
  "z": 11000
}