{
  "height": 357.72200772200773,
  "tabOrder": 7000,
  "width": 1055.1158301158302,
  "x": 444.6911196911197,
  "y": 452.89575289575293,
  "z": 7000
}