{
  "height": 35.098743267504489,
  "tabOrder": 12000,
  "width": 100.7181328545781,
  "x": 340.3052064631957,
  "y": 183.12387791741472,
  "z": 13000
}