{
  "height": 57.086614173228348,
  "tabOrder": 9000,
  "width": 578.74015748031491,
  "x": 460.62992125984249,
  "y": 0,
  "z": 10000
}