{
  "height": 288.80308880308883,
  "tabOrder": 4000,
  "width": 1055.1158301158302,
  "x": 444.6911196911197,
  "y": 164.09266409266411,
  "z": 4000
}