{
  "height": 41.022592152199763,
  "tabOrder": 14000,
  "width": 99.88109393579073,
  "x": 1387.6337693222356,
  "y": 112.36623067776458,
  "z": 14000
}