{
  "height": 646.77419354838707,
  "tabOrder": 14000,
  "width": 453.22580645161293,
  "x": 0,
  "y": 170.96774193548387,
  "z": 1000
}