{
  "height": 260.951526032316,
  "tabOrder": 3000,
  "width": 436.44524236983841,
  "x": 7.63016157989228,
  "y": 227.37881508078996,
  "z": 5000
}