{
  "height": 315.97222222222223,
  "tabOrder": 12000,
  "width": 1034.7222222222224,
  "x": 460.06944444444446,
  "y": 501.73611111111114,
  "z": 13000
}