{
  "height": 88.4858044164038,
  "tabOrder": 10000,
  "width": 319.08517350157729,
  "x": 1179.8107255520506,
  "y": 0,
  "z": 10000
}