{
  "height": 35.098743267504489,
  "tabOrder": 13000,
  "width": 99.192100538599647,
  "x": 340.3052064631957,
  "y": 221.27468581687612,
  "z": 14000
}