{
  "height": 38.635170603674538,
  "tabOrder": 3000,
  "width": 282.20472440944883,
  "x": 1170.9555669703141,
  "y": 811.23618763518311,
  "z": 3000
}