{
  "height": 49.940546967895365,
  "tabOrder": 10000,
  "width": 74.910820451843051,
  "x": 1269.6453650041665,
  "y": 0,
  "z": 10000
}