{
  "height": 114.22572178477689,
  "tabOrder": 15000,
  "width": 320.83989501312334,
  "x": 1179.064727967128,
  "y": 74.522634850177013,
  "z": 15000
}