{
  "height": 433.20463320463324,
  "tabOrder": 6000,
  "width": 1135.5212355212357,
  "x": 364.28571428571428,
  "y": 126.35135135135135,
  "z": 6000
}