{
  "height": 314.36265709156197,
  "tabOrder": 4000,
  "width": 436.44524236983841,
  "x": 7.63016157989228,
  "y": 502.064631956912,
  "z": 6000
}