{
  "height": 262.9738933030647,
  "tabOrder": 2000,
  "width": 912.41770715096482,
  "x": 355.95913734392735,
  "y": 159.8183881952327,
  "z": 4000
}