{
  "height": 316.51376146788988,
  "tabOrder": 15000,
  "width": 1034.0760157273917,
  "x": 460.02621231979026,
  "y": 493.44692005242462,
  "z": 15000
}